ID,県名,集落名,記号,音調コード,音調体系,位置情報,代表地点名,緯度,経度,備考
H-001,山口,下関,▲,1,東京式音調,D2,下関市役所,33.95740734,130.9409137,
H-002,福岡,門司,▲,1,東京式音調,D2,北九州市門司区役所,33.94145533,130.9592881,「もじ」
H-003,福岡,企救,▲,1,東京式音調,D2,北九州市立企救中学校,33.84317142,130.8855662,「きく」
H-004,福岡,小倉,▲,1,東京式音調,D2,北九州市小倉北区役所,33.8805925,130.8737683,"小倉南区役所(33.84652874467702, 130.8848042)"
H-005,福岡,八幡,▲,1,東京式音調,D2,北九州市八幡東区役所,33.86361237,130.8118486,"八幡西区役所(33.866489616990606, 130.765171856736)"
H-006,福岡,折尾,▲,1,東京式音調,D2,八幡西区役所　折尾出張所,33.86639006,130.7215537,「おりお」
H-007,福岡,若松,▲,1,東京式音調,D2,北九州市若松区役所,33.90543618,130.8111616,
H-008,福岡,水巻,▲,1,東京式音調,D2,水巻町役場,33.8547894,130.6949266,
H-009,福岡,遠賀,▲,1,東京式音調,D2,遠賀町中央公民館,33.84881955,130.6680402,「おんが」
H-010,福岡,植木,◣,2,特殊音調1A,D2,直方市立植木小学校,33.77590933,130.7147294,
H-011,福岡,岡垣,◣,2,特殊音調1A,D2,岡垣町役場,33.85339938,130.6116246,
H-012,福岡,池野,◣,2,特殊音調1A,C-D2,池野地区コミュニティセンター,33.84986374,130.5434302,
H-013,福岡,東郷,◣,2,特殊音調1A,C2,宗像市立東郷小学校,33.79903972,130.5324911,
H-014,福岡,行橋,▲,1,東京式音調,D3,行橋市役所,33.72880897,130.982757,「ゆくはし」
H-015,福岡,金田,▲,1,東京式音調,D2-3,福智町立金田小学校,33.68377806,130.7721685,「かなだ」
H-016,福岡,宮田,◣,2,特殊音調1A,D2-3,宮若市立宮田小学校,33.70818158,130.6761294,
H-017,福岡,笠松,◣,2,特殊音調1A,D2,宮若市立笠松小学校,33.75317584,130.631001,
H-018,福岡,福丸,◣,2,特殊音調1A,D2,福丸保育園,33.72178143,130.6126836,"セブンイレブン宮若福丸店（33.730872680235464, 130.62528866830237）"
H-019,福岡,小野,◣,2,特殊音調1A,C3,古賀市立小野小学校,33.72674952,130.5125346,
H-020,福岡,仲原,◣,2,特殊音調1A,C3,粕屋町立仲原小学校,33.60599709,130.4718071,「なかばる」
H-021,福岡,椎田,▲,1,東京式音調,D3,築上町立椎田小学校,33.65248421,131.0627109,「しいだ」
H-022,福岡,豊津,▲,1,東京式音調,D3,みやこ町豊津支所,33.67206311,130.9724392,
H-023,福岡,白川,▲,1,東京式音調,D3,苅田町役場　白川出張所,33.74662908,130.9389584,
H-024,福岡,伊田,▲,1,東京式音調,D3,田川市立伊田小学校,33.64956838,130.8158603,
H-025,福岡,直方,▲,1,東京式音調,D3,直方市役所,33.74421967,130.7296196,「のおがた」
H-026,福岡,添田,▲,1,東京式音調,D3,添田町役場,33.57166091,130.8543112,
H-027,福岡,彦山,▲,1,東京式音調,D3,添田町役場　彦山総合センター,33.49998033,130.8680644,「ひこさん」
H-028,福岡,下落合,▲,1,東京式音調,D3,下落合公民館,33.51957784,130.8605965,googleで検索した住所をもとにgoogle mapで検索
H-029,福岡,飯塚,◣,3,曖昧音調1,D3,飯塚市役所,33.64654354,130.6911094,
H-030,福岡,桂川,◣,3,曖昧音調1,D3,桂川町役場,33.57898395,130.6781084,「けいせん」
H-031,福岡,穂波,◣,3,曖昧音調1,D3,飯塚市穂波支所,33.61982166,130.6816358,
H-032,福岡,大隈,▲,1,東京式音調,D3,嘉麻警察署 大隈町交番,33.56292752,130.7335488,「おおくま」
H-033,福岡,上穂波,◣,2,特殊音調1A,D3,飯塚市立上穂波小学校,33.57052823,130.6424014,
H-034,福岡,御笠,◣,2,特殊音調1A,C3,筑紫野市　御笠コミュニティセンター,33.51212831,130.5557444,「みかさ」
H-035,福岡,春日,◣,2,特殊音調1A,C3,春日市役所,33.53281718,130.4702226,
H-036,福岡,二日市,◣,2,特殊音調1A,C3,筑紫野市役所　二日市出張所,33.50014258,130.5153896,
H-037,福岡,福岡,◣,2,特殊音調1A,C3,福岡市役所,33.5901988,130.4017262,
H-038,福岡,金武,◣,2,特殊音調1A,C3,金武公民館,33.53433349,130.3213054,「かなたけ」
H-039,福岡,徳永,◣,2,特殊音調1A,C3,徳永公民館（福岡市西区）,33.57408246,130.2597207,
H-040,福岡,怡土,◣,2,特殊音調1A,C3,糸島市立　怡土コミュニティセンター,33.53625408,130.2513774,「いと」
H-041,福岡,北崎,◣,2,特殊音調1A,C3,北崎公民館,33.64108909,130.2275397,﨑？
H-042,福岡,前原,◣,2,特殊音調1A,C3,糸原市立前原小学校,33.56222715,130.2028533,
H-043,福岡,野北,◣,2,特殊音調1A,C3,糸島警察署 野北駐在所,33.61359153,130.1647257,「のぎた」
H-044,福岡,深江,△,3,曖昧音調1,C3,糸島市立深江小学校,33.51452679,130.1360369,「ふかえ」
H-045,福岡,福吉,△,3,曖昧音調1,C3,糸島市立　福吉コミュニティセンター,33.50309994,130.0827332,「ふくよし」
H-046,福岡,松末,△,3,曖昧音調1,D3,松末小学校,33.38202153,130.8399793,「ますえ」
H-047,福岡,杷木,△,3,曖昧音調1,D3,朝倉市　杷木支所,33.36383969,130.8138397,「はき」
H-048,福岡,秋月,×,4,一型音調,D3,朝倉市立秋月小学校,33.46352453,130.6870492,
H-049,福岡,三輪,×,4,一型音調,D3,筑前町立三輪小学校,33.43514742,130.6377909,「みわ」
H-050,福岡,甘木,×,4,一型音調,D3,朝倉市立甘木小学校,33.42571177,130.6573528,「あまぎ」
H-051,福岡,三国,×,4,一型音調,C-D3,三国校区コミュニティセンター,33.42432249,130.5629606,
H-052,福岡,志波,×,4,一型音調,D3,朝倉市立杷木志波小学校,33.36806121,130.7797693,「しわ」
H-053,福岡,蜷城,×,4,一型音調,D3,蜷城小学校,33.37565453,130.6729804,「ひなしろ」
H-054,福岡,柴刈,×,4,一型音調,D3,柴刈コミュニティセンター,33.36087678,130.6560634,"久留米市立柴刈小学校（33.35965574166693, 130.65677184975888）"
H-055,福岡,夜明,×,4,一型音調,D3,夜明公民館,33.3251256,130.8604278,地図は福岡となっていたが，周辺に「夜明」がなく大分県日田市にあるためそちらで処理
H-056,福岡,大石,×,4,一型音調,D3,大石コミュニティセンター,33.35527431,130.8085427,
H-057,福岡,星野,×,4,一型音調,D3-4,八女市　星野支所,33.2503434,130.7622137,
H-058,福岡,久留米,×,4,一型音調,C3,久留米市役所,33.31925993,130.5083519,
H-059,福岡,矢部,×,4,一型音調,D4,八女市役所　矢部支所,33.1505934,130.8208807,
H-060,福岡,黒木,×,4,一型音調,D4,八女市黒木支所,33.21762619,130.6672461,「くろぎ」
H-061,福岡,田口,×,4,一型音調,C4,大川市田口コミュニティセンター,33.1952903,130.3888763,
H-062,福岡,沖端,×,4,一型音調,C4,沖端郵便局,33.16070035,130.3962764,「おきのはた」
H-063,福岡,柳川,×,4,一型音調,C4,柳川市役所　柳川庁舎,33.16306772,130.4057392,「やながわ」
H-064,福岡,三池,×,4,一型音調,C4,三池地区公民館,33.04629964,130.479169,
H-065,福岡,大牟田,×,4,一型音調,C4,大牟田市役所,33.03023562,130.4459516,「おおむた」
H-066,福岡,銀水,●,5,京阪式音調,C4,大牟田市立銀水小学校,33.05478868,130.474213,
H-067,大分,豊崎,▲,1,東京式音調,E3,豊崎地区公民館,33.56940083,131.6819977,「とよさき」
H-068,大分,西安岐,▲,1,東京式音調,E4,国東警察署西安岐警察官駐在所,33.47066766,131.691399,「にしあき」
H-069,大分,高田,▲,1,東京式音調,E5,豊後高田市役所,33.55638012,131.4469307,髙→高　「たかだ」
H-070,大分,長洲,▲,1,東京式音調,E6,宇佐市役所　長洲出張所,33.56941758,131.3769764,
H-071,大分,立石,▲,1,東京式音調,E7,立石地区公民館,33.48418329,131.47219,
H-072,大分,安心院,▲,1,東京式音調,E8,宇佐市安心院地域複合支所,33.43861161,131.3542284,「あじむ」
H-073,大分,中津,▲,1,東京式音調,E9,中津市役所,33.59823006,131.1881741,
H-074,大分,上津,▲,1,東京式音調,D3,中津市　上津地区公民館,33.45664282,131.1855981,
H-075,大分,槻木,△,3,曖昧音調1,D3,旧槻木小学校　毛谷村分校,33.47592028,130.9900546,「つきのき」
H-076,大分,三郷,▲,1,東京式音調,D3,中津市立三郷小学校,33.40300738,131.05413,
H-077,大分,三花,◣,2,特殊音調1A,D3,三花公民館,33.34968112,130.9424836,
H-078,大分,小野,◣,2,特殊音調1A,D3,日田市　小野公民館,33.38117115,130.9402494,
H-079,大分,大鶴,▲,1,東京式音調,D3,大鶴公民館,33.3710183,130.889676,「おおつる」
H-080,大分,朝日,◣,2,特殊音調1A,D3,日田市朝日公民館,33.34102452,130.9195208,
H-081,大分,光岡,◣,2,特殊音調1A,D3,日田市光岡公民館,33.32824718,130.9219509,
H-082,大分,日田,◣,2,特殊音調1A,D3,日田市役所,33.32120022,130.941306,「ひた」
H-083,大分,前津江,◣,2,特殊音調1A,D3,日田市前津江公民館,33.20975885,130.9180209,「まえつえ」
H-084,大分,森町,▲,1,東京式音調,E3,森自治会館,33.29724593,131.1582403,
H-085,大分,北山田,▲,1,東京式音調,D-E3,玖珠町立北山田小学校,33.28479979,131.0951527,
H-086,大分,天瀬,◣,2,特殊音調1A,D3,天瀬公民館,33.25520816,131.02059,「あまがせ」
H-087,大分,一尺屋,▲,1,東京式音調,F3,大分市役所 市民部佐賀関支所一尺屋連絡所,33.20236583,131.8587667,
H-088,大分,鶴崎,▲,1,東京式音調,E3,大分市　鶴崎支所,33.24048745,131.6945722,
H-089,大分,大分,▲,1,東京式音調,E3,大分市役所 ,33.23948748,131.6091068,
H-090,大分,稙田,▲,1,東京式音調,E3,大分市稙田市民行政センター,33.18839677,131.57818,「わさだ」
H-091,大分,別府,▲,1,東京式音調,E3,別府市役所,33.28450061,131.4911764,
H-092,大分,南山田,▲,1,東京式音調,E4,南山田公民館,33.21747022,131.1736474,
H-093,大分,栃原,×,4,一型音調,D4,栃原公園,33.13067578,130.9691371,
H-094,大分,八所,×,4,一型音調,D4,小原津江神社（八所神社）,33.13922624,130.950809,「はっしょ」
H-095,大分,合瀬,×,4,一型音調,D4,宮園津江神社,33.1527333,130.9099787,中津江村合瀬「ごうせ」
H-096,大分,臼杵,▲,1,東京式音調,F4,臼杵市役所,33.1259202,131.8047182,「うすき」
H-097,大分,大野,▲,1,東京式音調,E4,豊後大野市役所,32.97752359,131.5841881,
H-098,大分,久住,▲,1,東京式音調,E4,竹田市　久住総合支所,33.02070324,131.2943445,「くじゅう」
H-099,大分,白丹,▲,1,東京式音調,E4,竹田市　白丹公民館,33.00933201,131.2645861,「しらに」
H-100,大分,上津江,×,4,一型音調,D4,日田市役所　上津江振興局,33.09480812,130.9760997,「かみつえ」
H-101,大分,竹田,▲,1,東京式音調,E4,竹田市役所,32.97376904,131.3979793,「たけた」
H-102,大分,荻,▲,1,東京式音調,E4,竹田市　荻支所,32.92137564,131.3025158,
H-103,大分,柏原,▲,1,東京式音調,E4,柏原郵便局,32.90514312,131.3024774,「かしわばる」
H-104,大分,佐伯,▲,1,東京式音調,F4,佐伯市役所,32.95973715,131.9001479,
H-105,大分,尺間,▲,1,東京式音調,F4,佐伯市尺間生活改善センター,32.99258834,131.8272502,
H-106,大分,三重,▲,1,東京式音調,E4,三重原区公民館,32.99206344,131.610716,
H-107,大分,長谷川,▲,1,東京式音調,E4,豊後大野市長谷川集会所,32.89862579,131.4414158,
H-108,大分,小野市,▲,1,東京式音調,E4,佐伯警察署　小野市警察官駐在所,32.85678461,131.6307565,「おのいち」
H-109,大分,名護屋,▲,1,東京式音調,F4,名護屋地区公民館,32.79317161,131.8742805,
H-110,大分,重岡,▲,1,東京式音調,E4,旧重岡小学校,32.8513084,131.6785879,
H-111,佐賀,呼子,×,4,一型音調,B3,呼子公民館,33.53297852,129.8877292,「よぶこ」
H-112,佐賀,基山,×,4,一型音調,C3,基山町役場,33.42718766,130.5231538,「きやま」
H-113,佐賀,中原,×,4,一型音調,C3,みやき町役場中原庁舎,33.34527243,130.4403502,「なかばる」
H-114,佐賀,鳥栖,×,4,一型音調,C3,鳥栖市役所,33.37752005,130.5060968,「とす」
H-115,佐賀,中原,×,4,一型音調,C3,みやき町役場 中原庁舎,33.3463158,130.436888,地図には近くに同地名あり（誤り？）
H-116,佐賀,神埼,×,4,一型音調,C3,神埼市役所,33.3118895,130.371301,「かんざき」
H-117,佐賀,仁比山,×,4,一型音調,C3,仁比山公民館,33.3595187,130.3644207,「にいやま」
H-118,佐賀,北山,×,4,一型音調,C3,佐賀市立小中一貫校北山校,33.43111165,130.201206,
H-119,佐賀,浜崎,△,3,曖昧音調1,C3,唐津市立浜崎小学校,33.44385999,130.0408499,
H-120,佐賀,唐津,▲,1,東京式音調,B-C3,唐津市役所,33.45011779,129.9681269,「からつ」。重複あり
H-121,佐賀,値賀,×,4,一型音調,B3,玄海町役場値賀出張所,33.49529935,129.8454754,「ちが」
H-122,佐賀,久里,×,4,一型音調,C3,久里公民館,33.40518555,129.9889668,「くり」
H-123,佐賀,北波多,×,4,一型音調,C3,北波多市民センター,33.3753734,129.9506004,「きたはた」
H-124,佐賀,波多津,×,4,一型音調,B3,波多津コミュニティセンター,33.3719857,129.8720867,「はたつ」
H-125,佐賀,佐賀,●,5,京阪式音調,C3,佐賀市役所,33.26350558,130.3007263,
H-126,佐賀,厳木,●,5,京阪式音調,C3,唐津市　厳木市民センター,33.32143912,130.0647348,「きゅうらぎ」
H-127,佐賀,小城,●,5,京阪式音調,C4,小城市役所,33.27367608,130.2167515,「おぎ」
H-128,佐賀,多久,●,5,京阪式音調,C4,多久市役所,33.28843168,130.1102036,「たく」
H-129,佐賀,提川,●,5,京阪式音調,C3,提川公民館,33.2838053,129.9458863,「さげのかわ」
H-130,佐賀,伊万里,●,5,京阪式音調,B3,伊万里市役所,33.26467232,129.880456,
H-131,佐賀,大山,●,5,京阪式音調,B3-4,有田町立大山小学校,33.22284541,129.8502228,
H-132,佐賀,久原,●,5,京阪式音調,B3,久原駅,33.31397784,129.8119203,「くばら」
H-133,佐賀,有田,●,5,京阪式音調,B4,有田町役場,33.21058137,129.8490181,
H-134,佐賀,武雄,●,5,京阪式音調,C4,武雄市役所,33.19475314,130.0215834,「たけお」
H-135,佐賀,鹿島,●,5,京阪式音調,C4,鹿島市役所,33.10400507,130.0980961,
H-136,佐賀,嬉野,●,5,京阪式音調,C4,嬉野市役所　嬉野庁舎,33.10082766,129.9871236,
H-137,佐賀,多良,●,5,京阪式音調,C4,太良町立多良小学校,33.02344713,130.1753714,「たら」
H-138,佐賀,大浦,●,5,京阪式音調,C4,太良町　大浦支所,32.97387524,130.2052576,
H-139,長崎（対馬）,佐須奈,▽,6,特殊音調1B,A1,対馬市立佐須奈小中学校,34.63927422,129.4005331,對→対　
H-140,長崎（対馬）,鹿見,▽,6,特殊音調1B,A1,鹿見郵便局,34.51499418,129.3154958,「ししみ」
H-141,長崎（対馬）,鶏知,▽,6,特殊音調1B,A2,鶏知郵便局,34.26870037,129.3125363,「けち」
H-142,長崎（対馬）,小茂田,▽,6,特殊音調1B,A2,小茂田郵便局,34.23179126,129.1949699,「こもだ」
H-143,長崎（対馬）,厳原,▽,6,特殊音調1B,A2,対馬市厳原地区公民館,34.20373915,129.2890375,「いづはら」
H-144,長崎（対馬）,豆酘,▽,6,特殊音調1B,A2,対馬市豆酘窓口センター,34.12486087,129.1829509,「つつ」
H-145,長崎（壱岐）,勝本,◎,7,特殊音調2,B2,壱岐市勝本支所,33.84870437,129.6920132,壹→壱　
H-146,長崎（壱岐）,芦辺,◎,7,特殊音調2,B2,壱岐市芦辺支所,33.80209869,129.7627182,
H-147,長崎（壱岐）,郷浦,◎,7,特殊音調2,B2-3,壱岐消防署郷ノ浦支署,33.75124195,129.7153185,
H-148,長崎,今福,×,4,一型音調,B3,松浦市　今福支所,33.35168141,129.7657875,「いまぶく」
H-149,長崎,志佐,×,4,一型音調,B3,松浦市立志佐小学校,33.3366697,129.7067995,「しさ」
H-150,長崎,日浦,×,4,一型音調,B3,日の浦公民館,33.36319656,129.5792121,
H-151,長崎,江迎,×,4,一型音調,B3,佐世保市役所　江迎支所,33.30939827,129.6288233,「えむかえ」
H-152,長崎（平戸）,平戸,×,4,一型音調,B3,平戸市役所,33.36806639,129.5536798,
H-153,長崎（平戸）,宝亀,×,4,一型音調,B3,宝亀第一公会堂,33.30655486,129.5135955,「ほうき」
H-154,長崎（平戸）,中野,×,4,一型音調,B3,平戸市立中野小学校,33.33480504,129.5125201,
H-155,長崎,生月,×,4,一型音調,B3,平戸市　生月支所,33.38662567,129.4307034,「いきつき」
H-156,長崎,上志佐,×,4,一型音調,B3-4,松浦市　上志佐出張所,33.3080745,129.7286655,「かみしさ」
H-157,長崎,佐世保,×,4,一型音調,B4,佐世保市役所,33.17986622,129.7152453,
H-158,長崎,三河内,●,5,京阪式音調,B4,佐世保市三川内地区コミュニティセンター,33.15267478,129.8294095,「みかわち」
H-159,長崎,早岐,●,5,京阪式音調,B4,佐世保市早岐支所,33.13681632,129.7973925,「はいき」
H-160,長崎,江上,●,5,京阪式音調,B4,佐世保市役所江上支所,33.10849878,129.7833792,
H-161,長崎,大串,●,5,京阪式音調,B4,西海市立大串小学校,32.99941602,129.7306597,
H-162,長崎,彼杵,●,5,京阪式音調,B4,彼杵小学校,33.03763276,129.9151105,「そのぎ」
H-163,長崎,川棚,×,4,一型音調,B4,川棚町役場,33.07266255,129.8615513,「かわたな」
H-164,長崎,大村,●,5,京阪式音調,B-C4,大村市役所,32.90004339,129.9584336,
H-165,長崎,神代,●,5,京阪式音調,C4,雲仙市立神代小学校,32.8694581,130.271175,「こうじろ」
H-166,長崎,島原,▲,1,東京式音調,C4,島原市役所,32.78819293,130.3702916,重複あり
H-167,長崎,千々石,●,5,京阪式音調,C4,雲仙市　千々石総合支所,32.78379614,130.2020892,「ちぢわ」
H-168,長崎,深江,●,5,京阪式音調,C5,南島原市　深江支所,32.71846801,130.3535792,「ふかえ」
H-169,長崎,小浜,●,5,京阪式音調,C4-5,雲仙市　小浜総合支所,32.72989327,130.2065246,「おばま」
H-170,長崎,西有家,●,5,京阪式音調,C5,南島原市立西有家小学校,32.6577156,130.2976614,「にしありえ」
H-171,長崎,口之津,●,5,京阪式音調,C5,南島原市　口之津支所,32.60948525,130.1858219,「くちのつ」
H-172,長崎,加津佐,●,5,京阪式音調,C5,南島原市　加津佐支所,32.63128146,130.1591491,「かづさ」
H-173,長崎,諫早,●,5,京阪式音調,C4,諫早市中央公民館,32.84384971,130.0542009,「いさはや」
H-174,長崎,時津,●,5,京阪式音調,B4,時津町役場,32.82875839,129.8485468,「とぎつ」
H-175,長崎,三重,●,5,京阪式音調,B4,長崎市三重地域センター,32.82514037,129.7475906,
H-176,長崎,式見,●,5,京阪式音調,B4,長崎市式見地域センター,32.78676195,129.7920713,
H-177,長崎,長崎,●,5,京阪式音調,B4-5,長崎市役所,32.75018047,129.8779238,
H-178,長崎,福田,●,5,京阪式音調,B4-5,長崎市福田地域センター,32.74597412,129.8206966,
H-179,長崎,茂木,●,5,京阪式音調,B5,長崎市　茂木地域センター,32.70789654,129.9123365,
H-180,長崎,為石,●,5,京阪式音調,B5,長崎市　為石地区公民館,32.64174276,129.8388493,「ためし」
H-181,長崎,野母,●,5,京阪式音調,B5,長崎市　野母地区公民館,32.58123152,129.7522852,「のも」
H-182,長崎（宇久島）,神浦,×,4,一型音調,A4,旧神浦小学校,33.25557135,129.1051029,「こうのうら」
H-183,長崎（宇久島）,平,×,4,一型音調,A4,宇久平郵便局,33.2628196,129.1336911,
H-184,長崎（小値賀島）,笛吹,×,4,一型音調,A4,離島待合所笛吹,33.18613788,129.060261,「ふえふき」
H-185,長崎（中通島）,榎津,×,4,一型音調,A4,榎津神社,32.99608682,129.093302,「えのきづ」
H-186,長崎（中通島）,有川,×,4,一型音調,A4,新上五島町　有川支所,32.98320351,129.1164219,
H-187,長崎（福江島）,岐宿,×,4,一型音調,A5,五島市　岐宿支所,32.7500827,128.7601431,「きしく」
H-188,長崎（福江島）,福江,×,4,一型音調,A5,五島市立福江地区公民館,32.6941827,128.846345,
H-189,長崎（福江島）,富江,×,4,一型音調,A5,五島市　富江支所,32.61479047,128.7668458,
H-190,熊本,奴留湯,×,4,一型音調,E4,奴留湯温泉,33.14117616,131.1000675,「ぬるゆ」
H-191,熊本,杖立,×,4,一型音調,D4,杖立温泉,33.18307042,131.0346247,
H-192,熊本,宮原,×,4,一型音調,D-E4,小国町立小国小学校,33.11893078,131.0726836,旧宮原小学校を含む複数の小学校が統合され小国小学校となった。
H-193,熊本,杉平,×,4,一型音調,D4,杉平菅原神社,33.12812982,130.9997531,
H-194,熊本,山鹿,×,4,一型音調,E4,山鹿地区公民館,32.99585164,131.2138574,「やまが」　※同地名あり
H-195,熊本,内牧,×,4,一型音調,D4,阿蘇市立内牧小学校,32.97605538,131.0471089,「うちのまき」
H-196,熊本,波野,×,4,一型音調,E4,阿蘇市　波野支所,32.93320413,131.2310845,
H-197,熊本,宮地,×,4,一型音調,D-E4,宮地駅,32.93726273,131.117556,「みやじ」
H-198,熊本,野尻,×,4,一型音調,E4,高森町　野尻出張所,32.83059196,131.2615561,「のじり」
H-199,熊本,高森,×,4,一型音調,D4,高森町役場,32.82729467,131.122191,髙→高
H-200,熊本,水源,×,4,一型音調,D4,南阿蘇白川水源駅,32.82231704,131.0914807,
H-201,熊本,隈府,×,4,一型音調,D4,菊池市立隈府小学校,32.97889635,130.8109478,「わいふ」
H-202,熊本,耒民,×,4,一型音調,D4,鹿本市民センター,33.0028715,130.7380522,
H-203,熊本,広見,×,4,一型音調,C-D4,広見小学校跡地,33.08417285,130.6932066,
H-204,熊本,山鹿,×,4,一型音調,D4,山鹿市役所本庁,33.01750026,130.691213,「やまが」
H-205,熊本,南関,●,5,京阪式音調,C4,南関町役場,33.05975406,130.543842,「なんかん」
H-206,熊本,長洲,●,5,京阪式音調,C4,長洲町役場,32.92976327,130.4527094,
H-207,熊本,大津,×,4,一型音調,D4,大津町役場,32.87849106,130.8681307,「おおづ」
H-208,熊本,木葉,×,4,一型音調,D4,玉東町立木葉小学校,32.92090598,130.6201861,
H-209,熊本,長陽,×,4,一型音調,D4,長陽中央公民館,32.85921577,131.0006752,
H-210,熊本,山西,×,4,一型音調,D4,西原村立山西小学校,32.8405553,130.9041425,地点修正(240313)
H-211,熊本,熊本,×,4,一型音調,D4,熊本市役所,32.80206866,130.7040439,
H-212,熊本,百貫石,●,5,京阪式音調,D4,百貫石公園,32.78247251,130.6246696,「ひゃっかんせき」
H-213,熊本,小島,●,5,京阪式音調,D4,小島地域コミュニティセンター,32.77564002,130.6376751,「おしま」
H-214,熊本,馬見原,×,4,一型音調,D4,馬見原公民館,32.68371772,131.1535824,「まみはら」
H-215,熊本,木倉,●,5,京阪式音調,D4-5,木倉公民館,32.72120895,130.8118909,「きのくら」
H-216,熊本,御舟,●,5,京阪式音調,D5,御船町役場,32.71457592,130.801977,「みふね」
H-217,熊本,白旗,●,5,京阪式音調,D5,甲佐町　白旗福祉ふれあいセンター,32.69860484,130.7876647,「しらはた」
H-218,熊本,隈庄,●,5,京阪式音調,D5,熊本市立隈庄小学校,32.70817439,130.7267683,「くまのしょう」
H-219,熊本,力合,●,5,京阪式音調,D4,力合地域コミュニティセンター,32.76193711,130.6793222,「りきごう」
H-220,熊本,宇土,●,5,京阪式音調,D5,宇土市役所,32.6879606,130.6597086,「うと」
H-221,熊本,笹原,●,5,京阪式音調,D5,厳嶌神社,32.7014212,130.611619,「ささわら」
H-222,熊本,三角,●,5,京阪式音調,C5,宇城市　三角支所,32.61276673,130.4711201,「みすみ」
H-223,熊本,目丸,×,4,一型音調,D5,JNC（株）目丸発電所,32.61615418,130.9992827,「めまる」
H-224,熊本,中山,●,5,京阪式音調,D5,菅原神社,32.68608531,130.7750122,
H-225,熊本,豊野,●,5,京阪式音調,D5,宇城市　豊野支所,32.63916713,130.7493613,
H-226,熊本,松橋,●,5,京阪式音調,D5,宇城市立松橋小学校,32.65715578,130.6848152,
H-227,熊本,瀬高,●,5,京阪式音調,C5,瀬高公民館前（バス停）,32.55286482,130.4097103,髙→高
H-228,熊本,小野部田,●,5,京阪式音調,D5,宇城市立小野部田小学校,32.60694688,130.7189987,「おのへた」
H-229,熊本,小川,●,5,京阪式音調,D5,宇城市小川支所,32.59664138,130.70404,「おがわ」
H-230,熊本,八代,●,5,京阪式音調,D5,八代市役所,32.50747115,130.6018576,「やつしろ」
H-231,熊本,水上,×,4,一型音調,D5,水上村役場,32.31432387,131.0093649,
H-232,熊本,日奈久,●,5,京阪式音調,C5,八代市役所　日奈久出張所,32.43492698,130.5788583,「ひなぐ」
H-233,熊本,湯前,×,4,一型音調,D6,湯前町立湯前小学校,32.27579048,130.9852233,「ゆのまえ」
H-234,熊本,神瀬,●,5,京阪式音調,D6,神瀬地区多目的集会施設,32.31302594,130.6138803,「こうのせ」
H-235,熊本,白石,●,5,京阪式音調,D6,白石駅,32.30571791,130.6083457,「しらいし」
H-236,熊本,佐敷,●,5,京阪式音調,C6,芦北町立佐敷小学校,32.30763286,130.5009073,「さしき」
H-237,熊本,久米,×,4,一型音調,D6,多良木町久米公民館,32.25040142,130.9597561,
H-238,熊本,多良木,×,4,一型音調,D6,多良木町役場,32.26422599,130.9361479,「たらぎ」
H-239,熊本,免田,×,4,一型音調,D6,あさぎり町立免田小学校,32.23520932,130.8967555,「めんだ」
H-240,熊本,人吉,〇,8,曖昧音調2,D6,人吉市役所,32.20581167,130.7603501,
H-241,熊本,渡,〇,8,曖昧音調2,D6,球磨村立渡小学校,32.24033184,130.6935786,
H-242,熊本,津奈木,●,5,京阪式音調,C6,津奈木町役場,32.23388003,130.439666,「つなぎ」
H-243,熊本,水俣,●,5,京阪式音調,C6,水俣市役所,32.21182216,130.408723,
H-244,熊本,久木野,●,5,京阪式音調,D6,山野線久木野駅跡,32.17204673,130.5272116,「くぎの」
H-245,熊本,下浦,●,5,京阪式音調,C5,天草市　下浦町公民館,32.4217289,130.2301176,「しもうら」
H-246,熊本,本渡,〇,8,曖昧音調2,C5,本渡北公民館,32.46359648,130.1911377,「ほんど」
H-247,熊本,富岡,●,5,京阪式音調,C5,苓北町富岡出張所,32.51845793,130.0358455,
H-248,熊本,宮地,●,5,京阪式音調,C5,天草市役所 新和支所,32.363184,130.1811769,
H-249,熊本,牛深,●,5,京阪式音調,C6,天草市　牛深支所,32.19484622,130.0268205,「うしぶか」
H-250,宮崎,瀬口,▲,1,東京式音調,E-F5,旧瀬口小学校,32.72504602,131.7187115,
H-251,宮崎,浦尻,▲,1,東京式音調,F5,浦城城（浦尻城）,32.63972739,131.7602329,
H-252,宮崎,家田,×,4,一型音調,E5,家田公民館,32.66736911,131.7160689,「えだ」
H-253,宮崎,樫山,×,4,一型音調,E5,大西木材店,32.6028173,131.6772189,
H-254,宮崎,北方,×,4,一型音調,E5,延岡市　北方総合支所,32.56250302,131.5256562,
H-255,宮崎,七折,×,4,一型音調,E5,七折鍾乳洞,32.68115169,131.4112044,
H-256,宮崎,田原,×,4,一型音調,E4,高千穂町　田原出張所,32.77705921,131.2558663,
H-257,宮崎,高千穂,×,4,一型音調,E4,高千穂町役場,32.71174119,131.3077993,髙→高
H-258,宮崎,延岡,×,4,一型音調,E5,延岡市役所,32.58196042,131.6651326,
H-259,宮崎,細島,×,4,一型音調,E5,細島公民館,32.42478961,131.6598789,
H-260,宮崎,富高,×,4,一型音調,E5,日向市立富高小学校,32.42914242,131.6236399,髙→高
H-261,宮崎,椎葉,×,4,一型音調,E5,椎葉村役場,32.46745765,131.1582388,
H-262,宮崎,美々津,×,4,一型音調,E5,日向市美々津支所,32.33732714,131.6111681,
H-263,宮崎,都農,×,4,一型音調,E6,都農町役場,32.25649848,131.559712,
H-264,宮崎,木城,×,4,一型音調,E6,木城町役場,32.16390034,131.47343,
H-265,宮崎,高鍋,×,4,一型音調,E6,高鍋町役場,32.12797939,131.5032788,髙→高
H-266,宮崎,妻,×,4,一型音調,E6,西都市立妻北小学校,32.11364389,131.402083,"西都市立妻南小学校（32.098746845234054, 131.40191053028525）"
H-267,宮崎,佐土原,×,4,一型音調,E6,宮崎市　佐土原総合支所,32.02394313,131.4742251,
H-268,宮崎,高岡,×,4,一型音調,E6,高岡総合支所,31.95680536,131.2971778,髙→高
H-269,宮崎,小林,×,4,一型音調,D6,小林市役所,31.99668037,130.972479,
H-270,宮崎,飯野,●,5,京阪式音調,D6,えびの市　飯野出張所,32.05015104,130.8673839,
H-271,宮崎,京町,●,5,京阪式音調,D6,京町温泉駅観光交流センター,32.04560955,130.7676235,
H-272,宮崎,本庄,×,4,一型音調,E6,国富町立本庄小学校,31.98790719,131.3247511,
H-273,宮崎,高原,×,4,一型音調,D6,高原町役場,31.9285043,131.0078895,髙→高
H-274,宮崎,宮崎,×,4,一型音調,E7,宮崎市役所,31.90767859,131.4202319,
H-275,宮崎,高城,×,4,一型音調,D7,都城市　高城総合支所,31.80047669,131.1303868,髙→高
H-276,宮崎,青島,×,4,一型音調,E7,宮崎市地域振興部　青島地域センター,31.80200159,131.4619701,
H-277,宮崎,内海,×,4,一型音調,E7,内海自治公民館,31.76124934,131.4687557,
H-278,宮崎,油津,×,4,一型音調,E7,日南市役所　油津出張所,31.59279323,131.397668,
H-279,宮崎,飫肥,×,4,一型音調,E7,日南市　飫肥出張所,31.62717856,131.3553912,
H-280,宮崎,庄内,×,4,一型音調,D7,庄内地区市民センター,31.77199551,131.0192147,
H-281,宮崎,都城,×,4,一型音調,D7,都城市　市民生活部,31.71956456,131.0616156,
H-282,宮崎,今町,×,4,一型音調,E7,都城市立今町小学校,31.6925636,131.0363405,
H-283,宮崎,榎原,×,4,一型音調,E7,日南市榎原支所,31.53668144,131.3084859,
H-284,宮崎,福島,×,4,一型音調,E7,串間市立福島小学校,31.46842447,131.2308071,
H-285,宮崎,鳥井,×,4,一型音調,E7,串間市都井支所,31.39737778,131.305568,
H-286,鹿児島,米津,●,5,京阪式音調,C6,出水市立米ノ津小学校,32.10772565,130.3254889,"米ノ津駅（32.12215852402915, 130.34203097504167）"
H-287,鹿児島,大川,●,5,京阪式音調,C6,阿久根市　大川出張所,31.95134299,130.2209264,
H-288,鹿児島,出水,●,5,京阪式音調,C6,出水市役所,32.09046342,130.3526111,
H-289,鹿児島,高尾野,●,5,京阪式音調,C6,出水市　高尾野支所,32.06101807,130.3040512,髙→高
H-290,鹿児島,阿久根,●,5,京阪式音調,C6,阿久根市役所,32.01419911,130.1927301,
H-291,鹿児島,山野,●,5,京阪式音調,C6,伊佐市　山野基幹集落センター,32.10099031,130.5760071,
H-292,鹿児島,栗野,●,5,京阪式音調,D6,湧水町役場　栗野庁舎,31.95168925,130.7210613,
H-293,鹿児島,横川,●,5,京阪式音調,D6,霧島市　横川総合支所,31.90365675,130.7030793,
H-294,鹿児島,山ヶ野,×,4,一型音調,D6,山ヶ野小学校跡,31.90654446,130.6354444,
H-295,鹿児島,大口,●,5,京阪式音調,D6,伊佐市大口庁舎,32.05713612,130.6128495,
H-296,鹿児島,宮ノ城,●,5,京阪式音調,C6-7,宮之城郵便局,31.9051224,130.4572805,
H-297,鹿児島,西方,●,5,京阪式音調,C6-7,西方地区コミュニティセンター,31.91688973,130.2241877,
H-298,鹿児島,霧島村山,●,5,京阪式音調,D7,霧島総合支所,31.8199149,130.8345084,地図記載の霧島村山という地名はない
H-299,鹿児島,国分,●,5,京阪式音調,D7,霧島市立国分小学校,31.74182807,130.7737606,
H-300,鹿児島,隼人,●,5,京阪式音調,D7,霧島市役所　隼人庁舎,31.74375504,130.7370254,
H-301,鹿児島,加治木,●,5,京阪式音調,D7,姶良市加治木総合支所,31.73816056,130.6617293,
H-302,鹿児島,帖佐,●,5,京阪式音調,C-D7,姶良市立帖佐小学校,31.74293177,130.6283637,
H-303,鹿児島,入耒,●,5,京阪式音調,C7,薩摩川内市立入来小学校,31.8069687,130.4292778,
H-304,鹿児島,川内,●,5,京阪式音調,C7,薩摩川内市役所,31.81348875,130.3039456,
H-305,鹿児島,串木野,●,5,京阪式音調,C7,いちき串木野市役所　串木野庁舎,31.71440576,130.2711995,
H-306,鹿児島,市來,●,5,京阪式音調,C7,いちき串木野市役所　市来庁舎,31.69475293,130.2894842,
H-307,鹿児島,財部,×,4,一型音調,D7,曽於市財部支所,31.72613409,130.9933156,
H-308,鹿児島,縄瀬,×,4,一型音調,D7,下縄瀬公民館,31.54391703,131.0268104,繩→縄
H-309,鹿児島,安楽,×,4,一型音調,D7,志布志市立安楽小学校,31.48245213,131.077258,樂→楽
H-310,鹿児島,末吉,×,4,一型音調,D7,曽於市立末吉小学校,31.64983867,131.0201162,重複あり
H-311,鹿児島,福山,●,5,京阪式音調,D7,霧島市福山総合支所,31.67069567,130.8524673,
H-312,鹿児島,夏井,×,4,一型音調,D7,大隅夏井駅,31.46974303,131.1364589,
H-313,鹿児島,志布志,×,4,一型音調,D7,志布志市役所　本庁,31.47750233,131.0998281,
H-314,鹿児島,岩川,●,5,京阪式音調,D7,曽於市立岩川小学校,31.59732598,130.9853972,
H-315,鹿児島,菱田,●,5,京阪式音調,D7,大崎町立菱田小学校,31.44350372,131.040801,
H-316,鹿児島,垂水,●,5,京阪式音調,D7-8,垂水市役所,31.49270736,130.7009121,
H-317,鹿児島,大崎,●,5,京阪式音調,D7-8,大崎町役場,31.42918671,131.0058059,
H-318,鹿児島,柏原,●,5,京阪式音調,D8,東串良町立柏原小学校,31.36675688,131.0045601,
H-319,鹿児島,波見,×,4,一型音調,D8,波見浦集会所,31.35618792,131.0092156,
H-320,鹿児島,串良,●,5,京阪式音調,D8,鹿屋市　串良総合支所,31.39183722,130.9595626,
H-321,鹿児島,鹿屋,●,5,京阪式音調,D8,鹿屋市役所　本庁,31.37820801,130.8521664,
H-322,鹿児島,花岡,●,5,京阪式音調,D8,鹿屋市　花岡出張所,31.39764342,130.7794698,
H-323,鹿児島,古江,●,5,京阪式音調,D8,古江コミュニティー消防センター,31.40241449,130.7686966,
H-324,鹿児島,高山,●,5,京阪式音調,D8,肝付町立高山小学校,31.34561096,130.9458306,髙→高
H-325,鹿児島,内之浦,×,4,一型音調,D8,肝付町　内之浦総合支所,31.2783479,131.0742988,重複あり
H-326,鹿児島,田代,●,5,京阪式音調,D8,錦江町役場　田代支所,31.1991834,130.8484557,
H-327,鹿児島,小根占,●,5,京阪式音調,D8,錦江町立大根占小学校,31.24283955,130.7832645,
H-328,鹿児島,鹿児島,●,5,京阪式音調,C7,鹿児島市役所,31.5965436,130.5571004,兒→児
H-329,鹿児島,直木,●,5,京阪式音調,C7,直木地域公民館,31.5686982,130.4261649,
H-330,鹿児島,伊集院,●,5,京阪式音調,C7,日置市伊集院地区公民館,31.62624428,130.3950109,
H-331,鹿児島,伊作,●,5,京阪式音調,C7,日置市立伊作小学校,31.51003398,130.3497554,
H-332,鹿児島,谷山,●,5,京阪式音調,C7,鹿児島市役所　谷山支所,31.52113507,130.5175979,
H-333,鹿児島,川辺,●,5,京阪式音調,C7,南九州市川辺支所,31.39131501,130.3935109,
H-334,鹿児島,瀬々串,●,5,京阪式音調,C8,瀬々串校区公民館,31.42201562,130.5215898,
H-335,鹿児島,中名,●,5,京阪式音調,C8,中名地区公民館,31.39235436,130.5339398,
H-336,鹿児島,喜入,●,5,京阪式音調,C8,鹿児島市役所　喜入支所,31.37462594,130.5431131,
H-337,鹿児島,加世田,●,5,京阪式音調,C8,加世田地区公民館,31.41284804,130.3197594,
H-338,鹿児島,大崎,●,5,京阪式音調,C8,大崎公民館,31.4257155,130.2919688,
H-339,鹿児島,久志,●,5,京阪式音調,C8,久志地区公民館,31.31125623,130.225475,
H-340,鹿児島,坊之津,●,5,京阪式音調,C8,南さつま市　坊津支所,31.27318924,130.2248534,
H-341,鹿児島,西鹿篭,●,5,京阪式音調,C8,鹿篭郵便局,31.28893961,130.2881303,籠→篭？　西鹿篭にはほとんど建物などが見つからなかった。
H-342,鹿児島,枕崎,●,5,京阪式音調,C8,枕崎市役所,31.27291102,130.2971405,
H-343,鹿児島,別府,●,5,京阪式音調,C8,枕崎市立別府小学校,31.27448272,130.3463527,
H-344,鹿児島,頴娃,●,5,京阪式音調,C8,南九州市頴娃支所,31.23986748,130.4925131,
H-345,鹿児島,指宿,●,5,京阪式音調,D8,指宿市役所,31.25243635,130.6332066,
H-346,鹿児島,山川,●,5,京阪式音調,D8,指宿市役所　山川庁舎,31.2041868,130.6390875,
H-347,鹿児島,十町,●,5,京阪式音調,C-D8,十町郵便局,31.25120382,130.6306406,
H-348,鹿児島（甑島）,里,●,5,京阪式音調,B7,薩摩川内市　里支所,31.84356458,129.9179834,
H-349,鹿児島（甑島）,藺牟田,●,5,京阪式音調,B7,鹿島公民館,31.7779588,129.7904534,
H-350,鹿児島（甑島）,手打,●,5,京阪式音調,B7,手打地区コミュニティセンター,31.63787412,129.7059212,
H-351,鹿児島（種子島）,西之表,〇,8,曖昧音調2,D9,西之表市役所,30.73249782,130.9969419,
H-352,鹿児島（種子島）,中種子,〇,8,曖昧音調2,D9,中種子町役場,30.53309159,130.9586193,
H-353,鹿児島（種子島）,南種子,〇,8,曖昧音調2,D9,南種子町役場,30.41404791,130.9009407,
H-354,鹿児島（屋久島）,上屋久,●,5,京阪式音調,D9,上屋久郵便局,30.42322039,130.5705341,
H-355,鹿児島（屋久島）,下屋久,●,5,京阪式音調,D9,尾之間出張所,30.2350488,130.5512369,
H-356,鹿児島（大島）,宇検,◆,9,特殊音調3D,F8,宇検村役場,28.28072554,129.2972804,
H-357,鹿児島（徳之島）,亀津,◇,10,特殊音調3C,F8,徳之島町立　亀津小学校,27.73146795,129.0162465,
H-358,沖縄,名護,■,11,特殊音調3E,F8,名護市役所,26.59156865,127.9774749,
H-359,沖縄,首里,▶,12,特殊音調3A,F9,那覇市首里支所,26.22165288,127.7254378,
H-360,沖縄,那覇,◀,13,特殊音調3B,F9,那覇市役所,26.21215995,127.6791508,
H-361,沖縄,石垣,□,14,特殊音調3F,E9,石垣市役所,24.34510205,124.18464,
H-362,佐賀,唐津,×,4,一型音調,B-C3,東唐津小学校,33.4501178,129.9847322,「からつ」。重複処理
H-363,長崎,島原,●,5,京阪式音調,C4,島原城,32.7889971,130.3658435,重複処理
H-364,鹿児島,末吉,●,5,京阪式音調,D7,末吉町本町,31.6560484,131.0150208,重複処理
H-365,鹿児島,内之浦,●,5,京阪式音調,D8,内之浦中学校,31.2792644,131.0601139,重複処理